korolev;korolev_m@ukr.net;+7 (978) 74-45-677 korolev;Test message;uploads/Комментарии.pdf
Test;test@gmail.ocm;+7 (999) 99-99-999 Test;Test seeetete;uploads/Комментарии.pdf
qqweqwe;qeq@gg.com;+7 (343) 42-34-234 qqweqwe;aewqe qeqe qeqaewqe qeqe qeqaewqe qeqe qeqaewqe qeqe qeqaewqe qeqe qeqaewqe qeqe qeqaewqe qeqe qeqaewqe qeqe qeq;uploads/Комментарии.pdf
Ирина;шшшше&quot;;+7 (999) 99-99-999 Ирина;прпрпр;
рпрпрп;гаг; рпрпрп;арарарараара;
Test;eee;+7 (453) 45-34-535 Test;eee;
qqq;qweqwe;+7 (232) 32-32-323 qqq;qeqeq;
qwqe;ewew;+7 (213) 23-12-312 qwqe;weqwew;
qqqq;3434;+7 (343) 43-43-434 qqqq;fdfsd;
qweqwe;qweqeq;+7 (342) 34-23-423 qweqwe;qweqweqw;
qeqweq;24sdsdf;+7 (232) 34-24-234 qeqweq;dsdfdsf;
qeqwe;asdasd;+7 (232) 32-32-322 qeqwe;qweqeqe;
qeqwe;asdasd;+7 (232) 32-32-322 qeqwe;qweqeqe;
qeqwe;asdasd;+7 (232) 32-32-322 qeqwe;qweqeqe;
qeqwe;asdasd;+7 (232) 32-32-322 qeqwe;qweqeqe;
qweqwe;qeqweq;+7 (231) 23-13-123 qweqwe;qweqeqe;
qweqwe;qweqeq;+7 (342) 42-42-423 qweqwe;wqeqe;
qweqwe;ewdffdfdf;+7 (343) 43-43-434 qweqwe;qweqweqe;
qeqweq;werwe;+7 (232) 42-42-342 qeqweq;qwewer;
qweqw;qeqwe;+7 (232) 32-32-323 qweqw;qeqweqe;
qweqwe;adadadad;+7 (232) 32-32-323 qweqwe;ewewewe;
qweqwe;wewewe;+7 (232) 32-32-323 qweqwe;wewewe;
йуйцу;фывфыв;+7 (232) 32-32-323 йуйцу;йкйуйцуй;
